a	b
BECN1	BECN1-201	BECN1-201	5EFM	GSGTMENLSRRLKVTGDLFDIMSGQTDVDHP	2.5

BECN2	BECN2-201	BECN2-201	5K9L	GAMDPEAAALRAELRDLELEEARLVQELEDVDRNNARAAADLQAAQAEAAELDQQERQHYRDYSALKRQQLELLDQLGNVENQLQYARVQRDRLKEIN	2.3

BIRC6	BIRC6-201	BIRC6-201		ANQEKKLGEYSKKAAMKPKPLSVLKSLEEKYVAVMKKLQFDTFEMVSEDEDGKLGFKVNYHYMSQVKNANDANSAARARRLAQEAVTLSTSLPLSSSSSVFVRCDEERLDIMKVLITGPADTPYANGCFEFDVYFPQDYPSSPPLVNLETTGGHSVRFNPNLYNDGKVCLSILNTWHGRPEEKWNPQTSSFLQVLVSVQSLILVAEPYFNEPGYERSRGTPSGTQSSREYDGNIRQATVKWAMLEQIRNPSPCFKEVIHKHFYLKRVEIMAQCEEWIADIQQYSSDKRVGRTMSHHAAALKRHTAQLREELLKLPCPEGLDPD	2.01

GABARAP	GABARAP-201	GABARAP-201	5DPS	MKFVYKEEHPFEKRRSEGEKIRKKYPDRVPVIVEKAPKARIGDLDKKKYLVPSDLTVGQFYFLIRKRIHLRAEDALFFFVNNVIPPTSATMGQLYQEHHEEDFFLYIAYSDESVYGL	1.75

GABARAPL2	GABARAPL2-201	GABARAPL2-201	4CO7	GSMKWMFKEDHSLEHRCVESAKIRAKYPDRVPVIVEKVSGSQIVDIDKRKYLVPSDITVAQFMWIIRKRIQLPSEKAIFLFVDKTVPQSSLTMGQLYEKEKDEDGFLYVAYSGENTFGF	2.0

LAMP3	LAMP3-201	LAMP3-201	4AKM	SVKTGIYQVLNGSRLCIKAEMGIQLIVQDKESVFSPRRYFNIDPNATQASGNCGTRKSNLLLNFQGGFVNLTFTKDEESYYISEVGAYLTVSDPETVYQGIKHAVVMFQTAVGHSFKCVSEQSLQLSAHLQVKTTDVQLQAFDFEDDHFGNVDECSSDYTHHHHHH	2.69

MAP1LC3B	MAP1LC3B-201	MAP1LC3B-201	5XAE	MPSEKTFKQRRTFEQRVEDVRLIREQHPTKIPVIIERYKGEKQLPVLDKTKFLVPDHVNMSELIKIIRRRLQLNANQAFFLLVNGHSMVSVSTPISEVYESEKDEDGFLYMVYASQETFG	null

MAP1LC3C	MAP1LC3C-201	MAP1LC3C-201	5DPW	GSMPPPQKIPSVRPFKQRKSLAIRQEEVAGIRAKFPNKIPVVVERYPRETFLPPLDKTKFLVPQELTMTQFLSIIRSRMVLRATEAFYLLVNNKSLVSMSATMAEIYRDYKDEDGFVYMTYASQETFG	null

OPTN	OPTN-201	OPTN-201	5EOF	MGSSHHHHHHSSGLVPRGSHMASIPIHSCPKCGEVLPDIDTLQIHVMDCII	null

PI4K2A	PI4K2A-201	PI4K2A-201	5I0N	GPLGSPEFAAQAQALAAQAAAAAHAAQAHRERNEFPEDPEFEAVVRQAELAIERCIFPERIYQGSSGSYFVKDPQGRIIAVFKPKNEEPYGHLNPKWTKWLQKLSSPSSFGRDCLVLNQGYLSEAGASLVDQKLELNIVPRTKVVYLASETFNYSAIDRVKSRGKRLALEKVPKVGQRFNRIGLPPKVGSFQLFVEGYKDADYWLRRFEAEPLPENTNRQLLLQFERLVVLDYIIRNTDRGNDNWLIKYDCPMDSSSSRDTDWVVVKEPVIKVAAIDNGLAFPLKHPDSWRAYPFYWAWLPQAKVPFSQEIKDLILPKISDPNFVKDLEEDLYELFKKDPGFDRGQFHKQIAVMRGQILNLTQALKDNKSPLHLVQMPPVIVET	3.2

PIK3C3	PIK3C3-201	PIK3C3-201	5ENN	SMSDHDLKPNAATRDQLNIIVSYPPTKQLTYEEQDLVWKFRYYLTNQEKALTKFLKCVNWDLPQEAKQALELLGKWKPMDVEDSLELLSSHYTNPTVRRYAVARLRQADDEDLLMYLLQLVQALKYENFDDIKNGLEPTKKDSQSSVSENVSNSGINSAEIDSSQIITSPLPSVSSPPPASKTKEVPDGENLEQDLCTFLISRACKNSTLANYLYWYVIVECEDQDTQQRDPKTHEMYLNVMRRFSQALLKGDKSVRVMRSLLAAQQTFVDRLVHLMKAVQRESGNRKKKNERLQALLGDNEKMNLSDVELIPLPLEPQVKIRGIIPETATLFKSALMPAQLFFKTEDGGKYPVIFKHGDDLRQDQLILQIISLMDKLLRKENLDLKLTPYKVLATSTKHGFMQFIQSVPVAEVLDTEGSIQNFFRKYAPSENGPNGISAEVMDTYVKSCAGYCVITYILGVGDRHLDNLLLTKTGKLFHIDFGYILGRDPKPLPPPMKLNKEMVEGMGGTQSEQYQEFRKQCYTAFLHLRRYSNLILNLFSLMVDANIPDIALEPDKTVKKVQDKFRLDLSDEEAVHYMQSLIDESVHALFAAVVEQIH	2.8

PLEKHM1	PLEKHM1-201	PLEKHM1-201	5DPW	GSVRPQQEDEWVNVGSPSDRPFKQRRSFADRCKEVQQIRDQHPSKIPVIIERYKGEKQLPVLDKTKFLVPDHVNMSELVKIIRRRLQLNPTQAFFLLVNQHSMVSVSTPIADIYEQEKDEDGFLYMVYASQETFGF	2.5

RAB21	RAB21-201	RAB21-201	2OT3	MGHHHHHHGSLVPRGSRAYSFKVVLLGEGCVGKTSLVLRYCENKFNDKHITTLQASFLTKKLNIGGKRVNLAIWDTAGQERFHALGPIYYRDSNGAILVYDITDEDSFQKVKNWVKELRKMLGNEICLCIVGNKIDLEKERHVSIQEAESYAESVGAKHYHTSAKQNKGIEELFLDLCKRMIET	2.05

RAB7A	RAB7A-201	RAB7A-201	3LAW	MTSRKKVLLKVIILGDSGVGKTSLMNQYVNKKFSNQYKATIGADFLTKEVMVDDRLVTMQIWDTAGLERFQSLGVAFYRGADCCVLVFDVTAPNTFKTLDSWRDEFLIQASPRDPENFPFVVLGNKIDLENRQVATKRAQAWCYSKNNIPYFETSAKEAINVEQAFQTIARNALKQETEVELYNEFPEPIKLDKNDRAKASAESCSC	1.9

SNAP29	SNAP29-201	SNAP29-201	4WY4	ADRQQYLRQEVLRRAEATAASTSRSLALMYESEKVGVASSEELARQRGVLERTEKMVDKMDQDLKISQKHINSIKSVF	1.4

STX17	STX17-201	STX17-201	4WY4	ESWETLEADLIELSQLVTDFSLLVNSQQEKIDSIADHVNSAAVNVEEGTKNLGKAAKY	1.4

TIFA	TIFA-201	TIFA-201	4ZGI	EETVTCLQMTVYHPGQLQCGIFQSISFNREKLPSSEVVKFGRNSNICHYTFQDKQVSRVQFSLQLFKKFNSSVLSFEIKNMSKKTNLIVDSRELGYLNKMDLPYRCMVRFGEYQFLMEKEDGESLEFFETQFILSPRSLLQ	3.12

VAMP8	VAMP8-201	VAMP8-201	4WY4	DRVRNLQSEVEGVKNIMTQNVERILARGENLEHLRNKTEDLEATSEHFKTTSQKVARKFWWKNV	1.4

VPS33A	VPS33A-201	VPS33A-201	4BX9	MAAHLSYGRVNLNVLREAVRRELREFLDKCAGSKAIVWDEYLTGPFGLIAQYSLLKEHEVEKMFTLKGNRLPAADVKNIIFFVRPRLELMDIIAENVLSEDRRGPTRDFHILFVPRRSLLCEQRLKDLGVLGSFIHREEYSLDLIPFDGDLLSMESEGAFKECYLEGDQTSLYHAAKGLMTLQALYGTIPQIFGKGECARQVANMMIRMKREFTGSQNSIFPVFDNLLLLDRNVDLLTPLATQLTYEGLIDEIYGIQNSYVKLPPEKFAPKKQGDGGKDLPTEAKKLQLNSAEELYAEIRDKNFNAVGSVLSKKAKIISAAFEERHNAKTVGEIKQFVSQLPHMQAARGSLANHTSIAELIKDVTTSEDFFDKLTVEQEFMSGIDTDKVNNYIEDCIAQKHSLIKVLRLVCLQSVCNSGLKQKVLDYYKREILQTYGYEHILTLHNLEKAGLLKPQTGGRNNYPTIRKTLRLWMDDVNEQNPTDISYVYSGYAPLSVRLAQLLSRPGWRSIEEVLRILPGPHFEERQPLPTGLQKKRQPGENRVTLIFFLGGVTFAEIAALRFLSQLEDGGTEYVIATTKLMNGTSWIEALMEKPFHHHHHHHHHHH	2.4

