hgncID	 chainID	 PDBID	 Sequence	 Resolution
BECN1	BECN1-201	2p1l.B	5EFM	GSGTMENLSRRLKVTGDLFDIMSGQTDVDHP	2.5

BECN2	BECN2-201	5k7b.A	5K9L	GAMDPEAAALRAELRDLELEEARLVQELEDVDRNNARAAADLQAAQAEAAELDQQERQHYRDYSALKRQQLELLDQLGNVENQLQYARVQRDRLKEIN	2.3

BIRC6	BIRC6-201	3ceg.A		ANQEKKLGEYSKKAAMKPKPLSVLKSLEEKYVAVMKKLQFDTFEMVSEDEDGKLGFKVNYHYMSQVKNANDANSAARARRLAQEAVTLSTSLPLSSSSSVFVRCDEERLDIMKVLITGPADTPYANGCFEFDVYFPQDYPSSPPLVNLETTGGHSVRFNPNLYNDGKVCLSILNTWHGRPEEKWNPQTSSFLQVLVSVQSLILVAEPYFNEPGYERSRGTPSGTQSSREYDGNIRQATVKWAMLEQIRNPSPCFKEVIHKHFYLKRVEIMAQCEEWIADIQQYSSDKRVGRTMSHHAAALKRHTAQLREELLKLPCPEGLDPD	2.01

GABARAP	GABARAP-201	1gnu.A	5DPS	MKFVYKEEHPFEKRRSEGEKIRKKYPDRVPVIVEKAPKARIGDLDKKKYLVPSDLTVGQFYFLIRKRIHLRAEDALFFFVNNVIPPTSATMGQLYQEHHEEDFFLYIAYSDESVYGL	1.75

GABARAPL2	GABARAPL2-201	4co7.A	4CO7	GSMKWMFKEDHSLEHRCVESAKIRAKYPDRVPVIVEKVSGSQIVDIDKRKYLVPSDITVAQFMWIIRKRIQLPSEKAIFLFVDKTVPQSSLTMGQLYEKEKDEDGFLYVAYSGENTFGF	2.0

LAMP3	LAMP3-201	4akm.A	4AKM	SVKTGIYQVLNGSRLCIKAEMGIQLIVQDKESVFSPRRYFNIDPNATQASGNCGTRKSNLLLNFQGGFVNLTFTKDEESYYISEVGAYLTVSDPETVYQGIKHAVVMFQTAVGHSFKCVSEQSLQLSAHLQVKTTDVQLQAFDFEDDHFGNVDECSSDYTHHHHHH	2.69

MAP1LC3B	MAP1LC3B-201	1v49.A	5XAE	MPSEKTFKQRRTFEQRVEDVRLIREQHPTKIPVIIERYKGEKQLPVLDKTKFLVPDHVNMSELIKIIRRRLQLNANQAFFLLVNGHSMVSVSTPISEVYESEKDEDGFLYMVYASQETFG	null

MAP1LC3C	MAP1LC3C-201	2ncn.A	5DPW	GSMPPPQKIPSVRPFKQRKSLAIRQEEVAGIRAKFPNKIPVVVERYPRETFLPPLDKTKFLVPQELTMTQFLSIIRSRMVLRATEAFYLLVNNKSLVSMSATMAEIYRDYKDEDGFVYMTYASQETFG	null

OPTN	OPTN-201	2lo4.A	5EOF	MGSSHHHHHHSSGLVPRGSHMASIPIHSCPKCGEVLPDIDTLQIHVMDCII	null

PI4K2A	PI4K2A-201	4hnd.A	5I0N	GPLGSPEFAAQAQALAAQAAAAAHAAQAHRERNEFPEDPEFEAVVRQAELAIERCIFPERIYQGSSGSYFVKDPQGRIIAVFKPKNEEPYGHLNPKWTKWLQKLSSPSSFGRDCLVLNQGYLSEAGASLVDQKLELNIVPRTKVVYLASETFNYSAIDRVKSRGKRLALEKVPKVGQRFNRIGLPPKVGSFQLFVEGYKDADYWLRRFEAEPLPENTNRQLLLQFERLVVLDYIIRNTDRGNDNWLIKYDCPMDSSSSRDTDWVVVKEPVIKVAAIDNGLAFPLKHPDSWRAYPFYWAWLPQAKVPFSQEIKDLILPKISDPNFVKDLEEDLYELFKKDPGFDRGQFHKQIAVMRGQILNLTQALKDNKSPLHLVQMPPVIVET	3.2

PIK3C3	PIK3C3-201	3ihy.A	5ENN	SMSDHDLKPNAATRDQLNIIVSYPPTKQLTYEEQDLVWKFRYYLTNQEKALTKFLKCVNWDLPQEAKQALELLGKWKPMDVEDSLELLSSHYTNPTVRRYAVARLRQADDEDLLMYLLQLVQALKYENFDDIKNGLEPTKKDSQSSVSENVSNSGINSAEIDSSQIITSPLPSVSSPPPASKTKEVPDGENLEQDLCTFLISRACKNSTLANYLYWYVIVECEDQDTQQRDPKTHEMYLNVMRRFSQALLKGDKSVRVMRSLLAAQQTFVDRLVHLMKAVQRESGNRKKKNERLQALLGDNEKMNLSDVELIPLPLEPQVKIRGIIPETATLFKSALMPAQLFFKTEDGGKYPVIFKHGDDLRQDQLILQIISLMDKLLRKENLDLKLTPYKVLATSTKHGFMQFIQSVPVAEVLDTEGSIQNFFRKYAPSENGPNGISAEVMDTYVKSCAGYCVITYILGVGDRHLDNLLLTKTGKLFHIDFGYILGRDPKPLPPPMKLNKEMVEGMGGTQSEQYQEFRKQCYTAFLHLRRYSNLILNLFSLMVDANIPDIALEPDKTVKKVQDKFRLDLSDEEAVHYMQSLIDESVHALFAAVVEQIH	2.8

PLEKHM1	PLEKHM1-201	5dpr.A	5DPW	GSVRPQQEDEWVNVGSPSDRPFKQRRSFADRCKEVQQIRDQHPSKIPVIIERYKGEKQLPVLDKTKFLVPDHVNMSELVKIIRRRLQLNPTQAFFLLVNQHSMVSVSTPIADIYEQEKDEDGFLYMVYASQETFGF	2.5

RAB21	RAB21-201	1yzt.A	2OT3	MGHHHHHHGSLVPRGSRAYSFKVVLLGEGCVGKTSLVLRYCENKFNDKHITTLQASFLTKKLNIGGKRVNLAIWDTAGQERFHALGPIYYRDSNGAILVYDITDEDSFQKVKNWVKELRKMLGNEICLCIVGNKIDLEKERHVSIQEAESYAESVGAKHYHTSAKQNKGIEELFLDLCKRMIET	2.05

RAB7A	RAB7A-201	1t91.A	3LAW	MTSRKKVLLKVIILGDSGVGKTSLMNQYVNKKFSNQYKATIGADFLTKEVMVDDRLVTMQIWDTAGLERFQSLGVAFYRGADCCVLVFDVTAPNTFKTLDSWRDEFLIQASPRDPENFPFVVLGNKIDLENRQVATKRAQAWCYSKNNIPYFETSAKEAINVEQAFQTIARNALKQETEVELYNEFPEPIKLDKNDRAKASAESCSC	1.9

SNAP29	SNAP29-201	4wy4.C	4WY4	ADRQQYLRQEVLRRAEATAASTSRSLALMYESEKVGVASSEELARQRGVLERTEKMVDKMDQDLKISQKHINSIKSVF	1.4

STX17	STX17-201	4wy4.B	4WY4	ESWETLEADLIELSQLVTDFSLLVNSQQEKIDSIADHVNSAAVNVEEGTKNLGKAAKY	1.4

TIFA	TIFA-201	4ym4.A	4ZGI	EETVTCLQMTVYHPGQLQCGIFQSISFNREKLPSSEVVKFGRNSNICHYTFQDKQVSRVQFSLQLFKKFNSSVLSFEIKNMSKKTNLIVDSRELGYLNKMDLPYRCMVRFGEYQFLMEKEDGESLEFFETQFILSPRSLLQ	3.12

VAMP8	VAMP8-201	4wy4.A	4WY4	DRVRNLQSEVEGVKNIMTQNVERILARGENLEHLRNKTEDLEATSEHFKTTSQKVARKFWWKNV	1.4

VPS33A	VPS33A-201	4bx8.A	4BX9	MAAHLSYGRVNLNVLREAVRRELREFLDKCAGSKAIVWDEYLTGPFGLIAQYSLLKEHEVEKMFTLKGNRLPAADVKNIIFFVRPRLELMDIIAENVLSEDRRGPTRDFHILFVPRRSLLCEQRLKDLGVLGSFIHREEYSLDLIPFDGDLLSMESEGAFKECYLEGDQTSLYHAAKGLMTLQALYGTIPQIFGKGECARQVANMMIRMKREFTGSQNSIFPVFDNLLLLDRNVDLLTPLATQLTYEGLIDEIYGIQNSYVKLPPEKFAPKKQGDGGKDLPTEAKKLQLNSAEELYAEIRDKNFNAVGSVLSKKAKIISAAFEERHNAKTVGEIKQFVSQLPHMQAARGSLANHTSIAELIKDVTTSEDFFDKLTVEQEFMSGIDTDKVNNYIEDCIAQKHSLIKVLRLVCLQSVCNSGLKQKVLDYYKREILQTYGYEHILTLHNLEKAGLLKPQTGGRNNYPTIRKTLRLWMDDVNEQNPTDISYVYSGYAPLSVRLAQLLSRPGWRSIEEVLRILPGPHFEERQPLPTGLQKKRQPGENRVTLIFFLGGVTFAEIAALRFLSQLEDGGTEYVIATTKLMNGTSWIEALMEKPFHHHHHHHHHHH	2.4

